-5,6.704775927,6.54019289661959
-4.994997499,6.324751445,6.53774288808207
-4.989994997,6.496602631,6.53557007125107
-4.984992496,6.479424189,6.53493616489648
-4.979989995,5.751703591,6.53500206085696
-4.974987494,6.4255823,6.53551898331916
-4.969984992,6.331464847,6.53635446749198
-4.964982491,6.511664202,6.53679572145982
-4.95997999,6.385353529,6.53727391346516
-4.954977489,6.673494161,6.53784776753261
-4.949974987,6.204650733,6.53856804979439
-4.944972486,6.563684696,6.53999104803464
-4.939969985,6.52876893,6.54174451526502
-4.934967484,6.588123952,6.54326267225616
-4.929964982,6.019786733,6.54480079008207
-4.924962481,6.464334747,6.54683424465403
-4.91995998,6.319970585,6.54875075282634
-4.914957479,6.839094996,6.55091589077142
-4.909954977,6.643509305,6.55267851829762
-4.904952476,6.558020475,6.55211187212998
-4.899949975,6.650118605,6.55049014750977
-4.894947474,6.475880615,6.54824647973392
-4.889944972,6.556855876,6.5455370631292
-4.884942471,6.537027389,6.54334457985908
-4.87993997,6.911681035,6.54111019712678
-4.874937469,6.385718686,6.53868215128351
-4.869934967,6.403353978,6.53607761403686
-4.864932466,6.519508778,6.53274231627237
-4.859929965,6.840463913,6.52903118608662
-4.854927464,6.620168895,6.52575844688618
-4.849924962,6.908153906,6.52248631600615
-4.844922461,6.593634941,6.51823964595012
-4.83991996,6.713353139,6.51409044568818
-4.834917459,6.533813603,6.50962496249121
-4.829914957,6.666752212,6.50573267939358
-4.824912456,6.915276777,6.50537427821907
-4.819909955,6.563017439,6.50668994498205
-4.814907454,6.349046406,6.50834804896327
-4.809904952,6.698658454,6.51066533116133
-4.804902451,6.656125359,6.51357278286361
-4.79989995,6.696072544,6.51665523051134
-4.794897449,6.568094617,6.52041502598097
-4.789894947,6.594273434,6.52409203080123
-4.784892446,6.788667708,6.52549820819526
-4.779889945,6.673389302,6.52594990082399
-4.774887444,6.73608165,6.52646003334574
-4.769884942,6.644553694,6.52669355153177
-4.764882441,6.534168441,6.52656941374592
-4.75987994,6.622575749,6.52648652133328
-4.754877439,6.667855962,6.52575034894548
-4.749874937,6.667060858,6.52520235736823
-4.744872436,6.610242583,6.52708899479948
-4.739869935,6.606694285,6.52978564388648
-4.734867434,6.583959646,6.53313261981401
-4.729864932,6.597368077,6.536557212091
-4.724862431,6.581769304,6.53797174366861
-4.71985993,6.553633089,6.53876545220992
-4.714857429,6.557821169,6.53888623773012
-4.709854927,6.544413538,6.53872991587014
-4.704852426,6.536854968,6.54078060956703
-4.699849925,6.530642669,6.54340370110686
-4.694847424,6.503603477,6.54427717472507
-4.689844922,6.471008282,6.54441779711283
-4.684842421,6.473222182,6.5456984642467
-4.67983992,6.438751309,6.54571202728046
-4.674837419,6.461781449,6.54573057399117
-4.669834917,6.45203597,6.54334481586513
-4.664832416,6.391812986,6.53115457833464
-4.659829915,6.348460545,6.5139023255227
-4.654827414,6.294029098,6.4940162644709
-4.649824912,6.390207325,6.47141768530761
-4.644822411,6.307363751,6.44812280608588
-4.63981991,6.23996658,6.42348542101432
-4.634817409,6.31165073,6.39666850159914
-4.629814907,6.25806294,6.36851297362106
-4.624812406,6.310869056,6.34037095334236
-4.619809905,6.273933273,6.31150816360246
-4.614807404,6.202518011,6.2820689588128
-4.609804902,6.168173687,6.25181553530629
-4.604802401,6.187298357,6.21963832900129
-4.5997999,6.054923478,6.18657842525532
-4.594797399,6.089571712,6.15252892891911
-4.589794897,6.194886761,6.11811132497255
-4.584792396,6.123990782,6.08543300765321
-4.579789895,6.250071944,6.05322436072102
-4.574787394,6.118981025,6.02072348666395
-4.569784892,6.126853062,5.9880928890253
-4.564782391,5.853771234,5.95506798753655
-4.55977989,6.088569004,5.92163605236322
-4.554777389,6.13867443,5.88812890621649
-4.549774887,5.557768775,5.85420700386465
-4.544772386,5.804559942,5.81896302133779
-4.539769885,5.991554565,5.78299673035904
-4.534767384,5.908166885,5.74668645659225
-4.529764882,5.821116507,5.70998558338543
-4.524762381,5.695052389,5.6730489337653
-4.51975988,5.673563719,5.63592181974275
-4.514757379,5.326386445,5.59842028765561
-4.509754877,5.591269679,5.56079404779021
-4.504752376,5.651050535,5.52359144093687
-4.499749875,5.542245587,5.48645639165527
-4.494747374,5.526058984,5.44945056847943
-4.489744872,5.55489627,5.41241211489299
-4.484742371,5.666593916,5.3747425031461
-4.47973987,5.388553923,5.33692349587266
-4.474737369,5.895118155,5.29892406246088
-4.469734867,5.006149411,5.2609592386083
-4.464732366,5.212682613,5.22397475382108
-4.459729865,5.36148845,5.18739607842426
-4.454727364,5.183475294,5.15054553006941
-4.449724862,4.760222223,5.11372819929488
-4.444722361,4.948006904,5.07738353621509
-4.43971986,5.093090032,5.04092121561943
-4.434717359,5.191005407,5.00482192635209
-4.429714857,4.92728478,4.96836396809083
-4.424712356,4.760426398,4.92943877350246
-4.419709855,4.95648566,4.88950247033221
-4.414707354,4.814899845,4.84895342971501
-4.409704852,4.948494751,4.80808419221953
-4.404702351,5.134627767,4.76824593434358
-4.39969985,5.151394579,4.72863805095452
-4.394697349,5.172933044,4.68917456755619
-4.389694847,5.222960803,4.64977221590241
-4.384692346,4.638226993,4.60933133875916
-4.379689845,4.276421759,4.56859548371048
-4.374687344,4.538649016,4.52883256414583
-4.369684842,4.895621838,4.48945268565585
-4.364682341,4.790626625,4.44924048268702
-4.35967984,5.019030142,4.4096698848705
-4.354677339,4.388866182,4.37008136888669
-4.349674837,4.450902281,4.33183259184816
-4.344672336,4.537261068,4.29920347037462
-4.339669835,4.39551077,4.269494376423
-4.334667334,4.475259293,4.24111424971166
-4.329664832,4.090887368,4.21428339960495
-4.324662331,4.372078204,4.18827235819934
-4.31965983,4.07621806,4.16308445316456
-4.314657329,4.346480985,4.13930543376918
-4.309654827,4.281026611,4.11622791949066
-4.304652326,4.379084707,4.09215773470677
-4.299649825,3.257361048,4.06810348896219
-4.294647324,4.136634571,4.04461937742943
-4.289644822,3.686139944,4.02159539192353
-4.284642321,4.100550738,3.99933902654833
-4.27963982,3.649738826,3.97776413150553
-4.274637319,4.22353526,3.95653214441352
-4.269634817,3.952638691,3.93592562866735
-4.264632316,3.886599641,3.91656709519836
-4.259629815,4.107213184,3.89795728758485
-4.254627314,3.503673712,3.88017774445886
-4.249624812,3.927273645,3.86293075586022
-4.244622311,3.382759813,3.84529323930318
-4.23961981,4.129165991,3.82791852242211
-4.234617309,3.821930642,3.81073596987021
-4.229614807,3.470230555,3.79398352949332
-4.224612306,3.940367218,3.77898067201954
-4.219609805,3.780126294,3.76487571165849
-4.214607304,4.665117107,3.75044806016907
-4.209604802,2.572507675,3.73624418235939
-4.204602301,3.160103011,3.72328646379534
-4.1995998,2.585148332,3.71030159684114
-4.194597299,3.664834525,3.69790375422101
-4.189594797,3.719189178,3.68488600597337
-4.184592296,2.59640856,3.66741987220698
-4.179589795,3.568961791,3.64792085839938
-4.174587294,3.751436109,3.62791316170363
-4.169584792,3.173461674,3.60713230371672
-4.164582291,2.819405251,3.58604989707667
-4.15957979,3.806870373,3.56484179458125
-4.154577289,3.024220522,3.54294220135808
-4.149574787,3.342591438,3.52110364681309
-4.144572286,3.505543385,3.50127833061479
-4.139569785,3.387267867,3.48229969851298
-4.134567284,4.030361506,3.4634166104568
-4.129564782,2.601969957,3.44483071809393
-4.124562281,2.358408115,3.42636793187264
-4.11955978,2.724490795,3.40793413982826
-4.114557279,2.992306521,3.39003208215781
-4.109554777,3.493199882,3.37214274847426
-4.104552276,2.811247409,3.35298117918054
-4.099549775,3.422957295,3.33351934406137
-4.094547274,4.101491516,3.31372055124374
-4.089544772,4.288722257,3.29404664729932
-4.084542271,2.850488465,3.27602257990164
-4.07953977,3.734285736,3.25858772394217
-4.074537269,4.072225305,3.24184199252008
-4.069534767,2.175846655,3.22541349140657
-4.064532266,3.146798695,3.20723383926049
-4.059529765,3.944816531,3.18865559628618
-4.054527264,2.343901245,3.17151426660036
-4.049524762,3.724416833,3.15502073260044
-4.044522261,2.675216083,3.13776937160244
-4.03951976,3.414639965,3.12159883529236
-4.034517259,3.769361945,3.10550424485833
-4.029514757,3.078868723,3.09135954510371
-4.024512256,3.299833623,3.08489774756051
-4.019509755,2.742231974,3.08243869656492
-4.014507254,2.348417133,3.08212200345459
-4.009504752,3.450931922,3.08398770447609
-4.004502251,3.475368523,3.08642230402773
-3.99949975,2.619829714,3.08996879287589
-3.994497249,3.942830557,3.09526322401032
-3.989494747,3.410525306,3.10167903815296
-3.984492246,2.528281416,3.10827380208427
-3.979489745,2.578786257,3.11554798843435
-3.974487244,4.385790754,3.12331515104805
-3.969484742,2.702708118,3.13178753975015
-3.964482241,3.105950245,3.14186279899383
-3.95947974,3.325792815,3.15267388756353
-3.954477239,3.893743884,3.16434943199261
-3.949474737,2.616673337,3.17633277735274
-3.944472236,2.623883923,3.18677703691537
-3.939469735,3.682684615,3.19680825301412
-3.934467234,3.270792093,3.20705738231606
-3.929464732,3.805043584,3.21742172474358
-3.924462231,3.100591142,3.22823099110932
-3.91945973,3.664862367,3.23941891332409
-3.914457229,3.772663666,3.25071386271614
-3.909454727,1.918744199,3.26237302928384
-3.904452226,3.848516242,3.2750051177689
-3.899449725,3.152865891,3.28820424320052
-3.894447224,2.80319526,3.30179357040232
-3.889444722,2.671877406,3.31574807187578
-3.884442221,2.281873803,3.3298181111258
-3.87943972,3.05712065,3.34411292950673
-3.874437219,3.253944248,3.35871484684078
-3.869434717,2.668689361,3.37355378694922
-3.864432216,3.988575361,3.38861348359099
-3.859429715,4.064536262,3.40391139712139
-3.854427214,3.176082121,3.41921861463197
-3.849424712,2.880229067,3.43470045079639
-3.844422211,2.928918292,3.45080239471889
-3.83941971,3.748221695,3.46710012889162
-3.834417209,2.766788871,3.48368443808734
-3.829414707,3.553254884,3.50028737755349
-3.824412206,4.219818393,3.51589052849054
-3.819409705,3.139426136,3.5311091366637
-3.814407204,2.887202737,3.54659636801946
-3.809404702,5.070952083,3.56207296089781
-3.804402201,3.582856311,3.57719109846944
-3.7993997,3.476689116,3.59245448903084
-3.794397199,3.808184243,3.60740179355782
-3.789394697,4.290401726,3.62269622073154
-3.784392196,1.703230097,3.6402496015329
-3.779389695,2.54164377,3.65873038839711
-3.774387194,3.800193661,3.67780993729238
-3.769384692,4.040182346,3.6971883241862
-3.764382191,3.466583229,3.71555553842886
-3.75937969,4.15427668,3.73370546482295
-3.754377189,4.889130931,3.75169697895957
-3.749374687,4.479456588,3.76964346757542
-3.744372186,5.572351258,3.78870897145687
-3.739369685,3.0254317,3.80811058294532
-3.734367184,3.730652146,3.82657129306737
-3.729364682,5.953372263,3.84467610489747
-3.724362181,3.489354876,3.86360415413202
-3.71935968,3.927336017,3.88190708486536
-3.714357179,3.921591216,3.90025464113609
-3.709354677,4.492135332,3.9172900412791
-3.704352176,3.550244957,3.92876023949633
-3.699349675,3.487265406,3.93735485242163
-3.694347174,3.170883839,3.94461827503022
-3.689344672,4.235768636,3.95036415981034
-3.684342171,2.701215872,3.95539963579724
-3.67933967,4.487075801,3.95965001029782
-3.674337169,4.374446006,3.96255217918641
-3.669334667,3.378874349,3.96476578179963
-3.664332166,4.486247423,3.9677990140161
-3.659329665,3.182451886,3.97076074433975
-3.654327164,3.328043712,3.97322024158006
-3.649324662,3.853709915,3.97523968999772
-3.644322161,3.830621896,3.97645161238233
-3.63931966,3.559973761,3.97703713822504
-3.634317159,4.037612766,3.9772552677621
-3.629314657,4.053829619,3.97694637109665
-3.624312156,3.147881444,3.97583838565852
-3.619309655,3.759333407,3.97419324036431
-3.614307154,4.776565674,3.97186638914941
-3.609304652,4.721352551,3.96911022905684
-3.604302151,4.350487595,3.9666276758345
-3.59929965,4.009388941,3.96390008466582
-3.594297149,4.408256935,3.96101668442716
-3.589294647,4.381111176,3.95775450266821
-3.584292146,3.378928458,3.95297564807529
-3.579289645,2.918287446,3.94741481392566
-3.574287144,3.854337759,3.9420814669929
-3.569284642,4.307070008,3.93653410387466
-3.564282141,3.955376539,3.92996808770971
-3.55927964,5.25144331,3.92340492245713
-3.554277139,3.675231902,3.91634025345376
-3.549274637,3.801813872,3.90985351130401
-3.544272136,3.552027768,3.90672330253255
-3.539269635,3.428967984,3.90505965855026
-3.534267134,4.836379155,3.90533081540365
-3.529264632,4.560986758,3.90608290165653
-3.524262131,2.869366797,3.90526904137405
-3.51925963,4.652465446,3.90538022052378
-3.514257129,3.969406835,3.89853233706263
-3.509254627,3.490648148,3.88797724890585
-3.504252126,4.317644736,3.9054346010439
-3.499249625,3.693516226,3.93177304366452
-3.494247124,4.010327679,3.90340976702183
-3.489244622,2.357796715,3.861257580519
-3.484242121,5.110419382,3.88412928630588
-3.47923962,3.659904147,3.9209445466175
-3.474237119,2.957337721,3.92370555080473
-3.469234617,3.621587233,3.91247966276857
-3.464232116,4.117317897,3.88770932936095
-3.459229615,3.584326026,3.87295753499741
-3.454227114,3.751761323,3.79674706065237
-3.449224612,2.519795651,3.70191314965717
-3.444222111,5.616921457,3.88142360771113
-3.43921961,5.973425624,4.12261502580242
-3.434217109,5.036375794,4.04185772861433
-3.429214607,3.409666483,3.88212118249019
-3.424212106,4.758938084,3.77449414247441
-3.419209605,2.565448475,3.67621078747074
-3.414207104,2.10959832,3.7839702674816
-3.409204602,3.71056233,3.95320353540371
-3.404202101,5.094679311,3.91471539831652
-3.3991996,3.130542704,3.81974532994178
-3.394197099,3.809183364,3.83326966814098
-3.389194597,4.352847609,3.86930913564845
-3.384192096,4.548563685,3.83874203074885
-3.379189595,4.453791624,3.79142428093488
-3.374187094,3.819169202,3.78367383270659
-3.369184592,4.547750063,3.78440200015496
-3.364182091,4.678195351,3.76472625183499
-3.35917959,2.611634796,3.73967199098757
-3.354177089,3.308184229,3.71825618886064
-3.349174587,3.394588712,3.69685335664767
-3.344172086,3.131617716,3.67509702361498
-3.339169585,2.020091023,3.6529840043599
-3.334167084,4.211452981,3.63098769232287
-3.329164582,2.989201535,3.60862752491992
-3.324162081,4.122431327,3.58471372960418
-3.31915958,3.8735833,3.56007645842242
-3.314157079,3.613958714,3.53493706249676
-3.309154577,3.583222564,3.50945104506613
-3.304152076,5.14702716,3.48447958366881
-3.299149575,3.14239612,3.45954207599112
-3.294147074,3.963502329,3.43421673917684
-3.289144572,3.021574561,3.40868777899155
-3.284142071,4.432942446,3.38313421449558
-3.27913957,2.40248695,3.35732045499552
-3.274137069,3.267796625,3.33145068116434
-3.269134567,4.183769923,3.30525418992174
-3.264132066,3.466888938,3.27778877286478
-3.259129565,2.523975354,3.2496745555996
-3.254127064,2.864889633,3.22148583391475
-3.249124562,4.477901859,3.19304567435465
-3.244122061,3.098564914,3.16419129414749
-3.23911956,3.822553688,3.13529239013883
-3.234117059,1.298509887,3.10602674253445
-3.229114557,2.739791054,3.07691633645217
-3.224112056,3.115333259,3.04939533762441
-3.219109555,2.544610841,3.02252363660764
-3.214107054,3.056681365,2.9960616901411
-3.209104552,3.036120842,2.96984559876331
-3.204102051,2.515438117,2.94301728361619
-3.19909955,3.819959277,2.91613167686927
-3.194097049,2.795892047,2.88925153208893
-3.189094547,2.749275446,2.86248018980485
-3.184092046,3.681466369,2.83659672875509
-3.179089545,2.00281486,2.811104207692
-3.174087044,3.200760197,2.78527950592098
-3.169084542,3.26446085,2.75946036174284
-3.164082041,1.666346835,2.73424564627787
-3.15907954,2.873467632,2.70887864721063
-3.154077039,2.140131537,2.68384500758456
-3.149074537,2.608800719,2.65832468840147
-3.144072036,2.516719285,2.62987651874589
-3.139069535,2.672719286,2.60013766066103
-3.134067034,3.283654562,2.56966277317068
-3.129064532,3.584842044,2.53872966230642
-3.124062031,1.720144645,2.50842802960475
-3.11905953,3.899584773,2.47808078261956
-3.114057029,1.014557541,2.44853074704213
-3.109054527,2.51002338,2.41879240796052
-3.104052026,3.473487543,2.38716581901519
-3.099049525,2.951109268,2.35571154616787
-3.094047024,2.74938849,2.32033841257111
-3.089044522,1.418936219,2.2831192953163
-3.084042021,2.802709953,2.26241803819453
-3.07903952,3.04189588,2.24744897346939
-3.074037019,2.608021834,2.20269667637318
-3.069034517,0.55850867,2.15055266290284
-3.064032016,1.165131263,2.13751237251866
-3.059029515,3.682977058,2.13586076017128
-3.054027014,1.565750506,2.10306365809342
-3.049024512,0.876257232,2.0633259247952
-3.044022011,2.513858153,2.04802843980912
-3.03901951,1.533806784,2.03891358339666
-3.034017009,1.858205059,2.01787943565392
-3.029014507,0.932391141,1.99477255335874
-3.024012006,1.567565113,1.97210673516389
-3.019009505,0.069889714,1.9489117437364
-3.014007004,2.941155597,1.93602311487098
-3.009004502,2.400096754,1.92651346744409
-3.004002001,1.866498192,1.89946972991469
-2.9989995,1.005987876,1.86793640056845
-2.993996998,2.767654351,1.85628579049148
-2.988994497,2.564969588,1.84889555850344
-2.983991996,2.496000713,1.82980028420323
-2.978989495,2.14191895,1.80883106570401
-2.973986993,2.942257326,1.7794927302206
-2.968984492,1.904918439,1.75493282933178
-2.963981991,3.058680487,1.73992550659039
-2.95897949,1.879056801,1.71260805625689
-2.953976988,1.606642884,1.79295052447406
-2.948974487,2.60873215,1.90466019874751
-2.943971986,1.75953765,1.69237987790869
-2.938969485,-0.875363586,1.40658417646145
-2.933966983,1.019580388,1.46690722476133
-2.928964482,0.99550156,1.61238217260608
-2.923961981,2.54873951,1.71078373384729
-2.91895948,2.229402488,1.79853505511691
-2.913956978,2.460493599,1.67935717223891
-2.908954477,0.902099171,1.50232969075364
-2.903951976,0.400578844,1.47805218934066
-2.898949475,0.690569151,1.48796406684082
-2.893946973,1.617827932,1.52483446495454
-2.888944472,1.144842742,1.57556501217814
-2.883941971,1.187088173,1.48208971133234
-2.87893947,1.095293506,1.35178778114584
-2.873936968,0.579069817,1.37034043263257
-2.868934467,1.436400984,1.42598987901457
-2.863931966,3.352890889,1.42451193681674
-2.858929465,1.600143634,1.40978338521542
-2.853926963,1.407624996,1.36984302004839
-2.848924462,0.678943893,1.32067560986232
-2.843921961,2.232623288,1.30464634376741
-2.83891946,1.123463923,1.29872224260938
-2.833916958,1.096596467,1.27748473417389
-2.828914457,1.051527616,1.25232929585429
-2.823911956,2.1051219,1.2470080972117
-2.818909455,0.930658684,1.24609261230957
-2.813906953,1.938665722,1.21479013349265
-2.808904452,2.105096784,1.17548881317067
-2.803901951,-0.031507669,1.15592594197008
-2.79889945,1.884378855,1.14133999505521
-2.793896948,0.990816627,1.12374963864674
-2.788894447,0.651559958,1.10597746316393
-2.783891946,1.006826777,1.08579836134561
-2.778889445,1.104443879,1.06483943740915
-2.773886943,0.886518307,1.04524101517411
-2.768884442,0.629948611,1.02621857134363
-2.763881941,0.678378679,1.00641846994832
-2.75887944,0.713721315,0.987946311965599
-2.753876938,0.849176982,0.969424005707938
-2.748874437,2.262996441,0.953253048675507
-2.743871936,0.260855549,0.946665233289907
-2.738869435,0.623751437,0.94504624798163
-2.733866933,0.226455523,0.945925671122736
-2.728864432,-0.467985508,0.949469200658997
-2.723861931,2.530996499,0.953928661598762
-2.71885943,1.592366232,0.959744345483556
-2.713856928,0.221322798,0.967788458084944
-2.708854427,2.433178221,0.977121666874907
-2.703851926,1.38281796,0.985948675927296
-2.698849425,0.953984147,0.995290862592923
-2.693846923,1.455619156,1.0053238518934
-2.688844422,1.006235515,1.01616129602891
-2.683841921,2.374297353,1.02874275985166
-2.67883942,0.448559688,1.04229224964897
-2.673836918,-0.582904933,1.05670452126283
-2.668834417,-0.083247362,1.07169550508705
-2.663831916,2.051567282,1.08610854046064
-2.658829415,0.53054425,1.10056986817253
-2.653826913,1.998317948,1.11570153939847
-2.648824412,0.259815912,1.13119669446901
-2.643821911,1.33673704,1.14667089778854
-2.63881941,0.209479406,1.16255638351147
-2.633816908,0.843497034,1.17854166985496
-2.628814407,0.708102609,1.19505911188178
-2.623811906,1.570366346,1.21366530414478
-2.618809405,0.639672256,1.23333422342178
-2.613806903,1.774836904,1.25309185588838
-2.608804402,0.821872214,1.27324680224548
-2.603801901,2.145210306,1.29410666361639
-2.5987994,2.069587074,1.31501790571913
-2.593796898,1.95760582,1.33654016972669
-2.588794397,1.487868203,1.35776563875714
-2.583791896,1.9925957,1.37619589076062
-2.578789395,0.896201442,1.39347562435608
-2.573786893,1.716040027,1.41000389142109
-2.568784392,1.859867714,1.42608627090189
-2.563781891,0.781514312,1.44326700108297
-2.55877939,0.753019871,1.46054060359168
-2.553776888,1.438545943,1.47780698701385
-2.548774387,2.128589309,1.49486648897443
-2.543771886,1.384617164,1.51026917923523
-2.538769385,1.784111478,1.52494015264298
-2.533766883,0.06780756,1.54021861817971
-2.528764382,1.792947597,1.55548163857064
-2.523761881,2.495997437,1.56962404406022
-2.51875938,1.147164029,1.58404286598676
-2.513756878,0.199562888,1.59785312628261
-2.508754377,-0.026704206,1.61255912561247
-2.503751876,2.451000005,1.63265396514688
-2.498749375,2.078564947,1.65513437397943
-2.493746873,1.048388055,1.67893557482963
-2.488744372,0.050013675,1.70369106494043
-2.483741871,0.78296028,1.727145247664
-2.47873937,1.196078154,1.75053042574654
-2.473736868,1.715931025,1.77415098158394
-2.468734367,1.884035454,1.79794998840149
-2.463731866,0.940965175,1.82312984977448
-2.458729365,0.689948746,1.84884978054387
-2.453726863,2.023728952,1.87340450074662
-2.448724362,2.13074605,1.89762796608308
-2.443721861,1.821559192,1.92334371834238
-2.43871936,1.74271945,1.94840194935197
-2.433716858,1.731673496,1.97373286814611
-2.428714357,2.219957166,1.99739320819976
-2.423711856,2.386328928,2.01326472213389
-2.418709355,1.399430346,2.02522603615016
-2.413706853,2.645322875,2.03544096573106
-2.408704352,2.108524121,2.04369094161104
-2.403701851,3.753706223,2.05126422150054
-2.39869935,2.143096763,2.0579418603981
-2.393696848,2.837796296,2.06293883227314
-2.388694347,2.83669308,2.06713931369609
-2.383691846,1.766375741,2.07244508056125
-2.378689345,1.13701691,2.07773980695922
-2.373686843,2.542650341,2.08260054067586
-2.368684342,1.842569237,2.08703149387509
-2.363681841,1.09335865,2.09037397262338
-2.35867934,1.805252391,2.09306233758023
-2.353676838,2.505497389,2.09535185340904
-2.348674337,2.646576931,2.09720601831051
-2.343671836,2.482135297,2.09881914535147
-2.338669335,1.967912942,2.10018039535603
-2.333666833,2.713156859,2.10090724228715
-2.328664332,1.652112768,2.1013431946609
-2.323661831,1.168203069,2.10227993626957
-2.31865933,1.804833965,2.10306474884039
-2.313656828,1.39745484,2.10387741466613
-2.308654327,2.452529939,2.10435201921914
-2.303651826,2.401603975,2.10285094736589
-2.298649325,1.890822584,2.10041535046188
-2.293646823,2.598329629,2.09839755652845
-2.288644322,2.921131186,2.09621276945455
-2.283641821,1.536098796,2.09284337217352
-2.27863932,2.266549086,2.08959625502025
-2.273636818,1.915351928,2.08579846510096
-2.268634317,2.518067754,2.08272843863324
-2.263631816,0.968000236,2.08443004430043
-2.258629315,2.563416521,2.08834770900236
-2.253626813,3.170765853,2.09285078122964
-2.248624312,2.230969546,2.09822788596002
-2.243621811,2.705092949,2.10400862511892
-2.23861931,3.037275094,2.10997420961447
-2.233616808,2.922043705,2.1167288789379
-2.228614307,2.367235067,2.12345294637163
-2.223611806,2.649047376,2.12800402638883
-2.218609305,2.520681897,2.13166024255755
-2.213606803,1.918812076,2.13525150493843
-2.208604302,2.771805233,2.1385495859125
-2.203601801,2.153501015,2.14173339263033
-2.1985993,1.996793412,2.14491743543744
-2.193596798,2.880898826,2.14753226491673
-2.188594297,3.254196763,2.15016662561171
-2.183591796,2.226456651,2.15427858000748
-2.178589295,2.989142505,2.15875926217014
-2.173586793,2.164590156,2.16367177196298
-2.168584292,1.543827297,2.16847085473383
-2.163581791,2.358940747,2.17137356112263
-2.15857929,2.559279876,2.17362689056167
-2.153576788,2.225304973,2.17510569703083
-2.148574287,0.963977707,2.17625697394339
-2.143571786,1.795381044,2.17953435519809
-2.138569285,2.378522286,2.18333454615738
-2.133566783,3.329544899,2.18549632173726
-2.128564282,2.278357385,2.18694625759467
-2.123561781,2.446633312,2.18932522830609
-2.11855928,2.373651626,2.19047978436926
-2.113556778,1.748832259,2.19159646530515
-2.108554277,2.232598029,2.19047094510673
-2.103551776,2.946502211,2.18036893487105
-2.098549275,1.226392767,2.16561704009002
-2.093546773,2.122693638,2.14838349581681
-2.088544272,1.227085475,2.12863697013648
-2.083541771,2.523184302,2.10831216285135
-2.07853927,2.812323273,2.08673758712832
-2.073536768,1.630745254,2.0631750618269
-2.068534267,2.940806344,2.03834053977674
-2.063531766,2.133298304,2.01325847793724
-2.058529265,2.246073573,1.98739354404097
-2.053526763,0.900646052,1.9610227904022
-2.048524262,2.300568942,1.93387393909202
-2.043521761,2.133210562,1.90486096771632
-2.03851926,1.54114814,1.87504990978521
-2.033516758,2.415282093,1.84425342085684
-2.028514257,1.65799777,1.81318360684984
-2.023511756,1.154191313,1.78417832573834
-2.018509255,1.780772849,1.75580217723183
-2.013506753,2.014599964,1.72727859889497
-2.008504252,1.598086299,1.69871148112883
-2.003501751,1.722376074,1.66961999254049
-1.99849925,1.775071668,1.64013639363967
-1.993496748,0.934653836,1.61059219642728
-1.988494247,0.455519724,1.58068586954939
-1.983491746,1.347844488,1.54976337630942
-1.978489245,1.652080445,1.51826268081151
-1.973486743,1.214684992,1.48630624141447
-1.968484242,1.503914195,1.45396881994022
-1.963481741,1.625061723,1.42164422130887
-1.95847924,1.397635459,1.38909353225768
-1.953476738,0.750055288,1.35626112366876
-1.948474237,1.562460167,1.32313902384653
-1.943471736,1.095625646,1.2894424440618
-1.938469235,0.83562302,1.2553401474342
-1.933466733,1.622779512,1.22124614357978
-1.928464232,0.996703921,1.18692622335369
-1.923461731,1.278872779,1.15184514589884
-1.91845923,1.200528375,1.11656040298641
-1.913456728,1.111156784,1.08090967217503
-1.908454227,0.878762616,1.04529544613963
-1.903451726,1.332931358,1.01117864831486
-1.898449225,1.167790438,0.977676262627069
-1.893446723,0.6290797,0.943888558617986
-1.888444222,0.520784953,0.910189647934488
-1.883441721,0.326189167,0.877013114689954
-1.87843922,1.007572343,0.843702346757275
-1.873436718,0.547455945,0.810888126858498
-1.868434217,0.6941043,0.777676644126365
-1.863431716,0.569541009,0.741508047409919
-1.858429215,1.060787955,0.704168927029325
-1.853426713,0.696152291,0.666081857512578
-1.848424212,1.132387427,0.627664294760311
-1.843421711,0.998972135,0.590710726021528
-1.83841921,0.446180187,0.554123748308189
-1.833416708,0.675642294,0.517831985865024
-1.828414207,0.265001802,0.4816645897488
-1.823411706,0.682437529,0.443980875332135
-1.818409205,0.406748123,0.405880011188922
-1.813406703,0.33039608,0.369136166858907
-1.808404202,0.23358138,0.332937473699263
-1.803401701,0.432713994,0.295657875902677
-1.7983992,0.439643572,0.259297055907429
-1.793396698,0.580008888,0.222922801246993
-1.788394197,0.092000609,0.188413899797961
-1.783391696,0.098110282,0.161658908943491
-1.778389195,0.470572444,0.138930833136809
-1.773386693,0.31960648,0.118091841262206
-1.768384192,0.068475854,0.0993960981472395
-1.763381691,-0.116100788,0.0817183082167948
-1.75837919,0.181362326,0.0651654391117964
-1.753376688,0.363931524,0.0505144784995115
-1.748374187,0.195614741,0.0368533226688944
-1.743371686,0.446433958,0.0221040957596148
-1.738369185,0.07147276,0.00749152981319036
-1.733366683,0.404360987,-0.00639824849913675
-1.728364182,0.123967138,-0.0196493418699979
-1.723361681,0.060179089,-0.0317493015932495
-1.71835918,0.226952073,-0.0429579375936211
-1.713356678,-0.109081999,-0.0536300617500334
-1.708354177,-0.049038612,-0.063554978274167
-1.703351676,0.065277389,-0.0723832841769364
-1.698349175,-0.22496189,-0.0804620757941154
-1.693346673,-0.133888049,-0.08758668090787
-1.688344172,0.047775364,-0.0941061354956008
-1.683341671,-0.111429117,-0.100982394033893
-1.67833917,-0.287615326,-0.107505924404111
-1.673336668,-0.279043718,-0.113804125686807
-1.668334167,-0.298810255,-0.11956905931606
-1.663331666,-0.097769237,-0.123232827547752
-1.658329165,-0.31649082,-0.125810398550887
-1.653326663,-0.157934918,-0.128689913573551
-1.648324162,-0.368007665,-0.131267916261456
-1.643321661,-0.094259216,-0.13244675291235
-1.63831916,-0.385196845,-0.133626629855991
-1.633316658,-0.245993888,-0.134115582049314
-1.628314157,-0.405053058,-0.135264946488704
-1.623311656,-0.2348726,-0.141333442207758
-1.618309155,-0.287603294,-0.149637419722554
-1.613306653,-0.401963549,-0.158503374127645
-1.608304152,-0.326089131,-0.168214463045819
-1.603301651,-0.378540358,-0.178213817300824
-1.59829915,-0.3284899,-0.188341950962444
-1.593296648,-0.350609523,-0.19922173807436
-1.588294147,-0.368976159,-0.210041423031777
-1.583291646,-0.369486056,-0.218715886153813
-1.578289145,-0.368921225,-0.226493428211061
-1.573286643,-0.383269105,-0.234163095268796
-1.568284142,-0.38721974,-0.241521706554731
-1.563281641,-0.388551599,-0.248782251692221
-1.55827914,-0.395592425,-0.256020109786021
-1.553276638,-0.410980154,-0.262716545897096
-1.548274137,-0.384537839,-0.269400157190855
-1.543271636,-0.413507106,-0.277365435037304
-1.538269135,-0.402294746,-0.285632511634347
-1.533266633,-0.386408212,-0.294247034762959
-1.528264132,-0.339243479,-0.302737368884203
-1.523261631,-0.419876665,-0.309549058099428
-1.51825913,-0.390844845,-0.315766833542137
-1.513256628,-0.37373418,-0.321290861185438
-1.508254127,-0.412010038,-0.3265018380211
-1.503251626,-0.303668303,-0.33351645797475
-1.498249125,-0.450131137,-0.340955594134492
-1.493246623,-0.290591642,-0.346930211238733
-1.488244122,-0.379592411,-0.352260159632768
-1.483241621,-0.3872067,-0.358416647349051
-1.47823912,-0.344664622,-0.363494237197243
-1.473236618,-0.45247235,-0.368518413903501
-1.468234117,-0.356120959,-0.371567740328136
-1.463231616,-0.301892743,-0.366730428562836
-1.458229115,-0.287352986,-0.357795150723646
-1.453226613,-0.365074939,-0.346743388652393
-1.448224112,-0.348952222,-0.333484370594105
-1.443221611,-0.388858415,-0.319553154905625
-1.43821911,-0.333424558,-0.304507585519404
-1.433216608,-0.162436642,-0.287664314455671
-1.428214107,-0.279051275,-0.269742165984837
-1.423211606,-0.269785409,-0.251998436508744
-1.418209105,-0.23377479,-0.233741390297312
-1.413206603,-0.415362395,-0.21497169519168
-1.408204102,-0.399947807,-0.195550671028797
-1.403201601,0.001977233,-0.174658914457774
-1.3981991,-0.063761312,-0.153036910399913
-1.393196598,-0.213043101,-0.130679330942538
-1.388194097,0.060839033,-0.107967523136916
-1.383191596,-0.019850773,-0.0862456979000861
-1.378189095,-0.290197467,-0.0647353128269362
-1.373186593,-0.167075732,-0.0428996360780646
-1.368184092,0.131018319,-0.0209117868549691
-1.363181591,-0.253426662,0.00123284653077415
-1.35817909,0.404492724,0.0236606738271507
-1.353176588,0.172023089,0.0461242085888207
-1.348174087,0.149100765,0.0688977110208214
-1.343171586,0.074451724,0.0928506684817196
-1.338169085,-0.091013187,0.11740390971592
-1.333166583,0.392173169,0.142061993915176
-1.328164082,0.19286287,0.166954723258176
-1.323161581,0.180584857,0.192162086272
-1.31815908,0.62419579,0.217408793482085
-1.313156578,0.013654388,0.242932199418058
-1.308154077,0.421806672,0.268328304065299
-1.303151576,0.535266512,0.292494737282372
-1.298149075,0.327662086,0.316125862708217
-1.293146573,0.287914197,0.339460310625052
-1.288144072,0.174974025,0.36255534879811
-1.283141571,1.10561549,0.385907100149849
-1.27813907,0.359545582,0.409211152502771
-1.273136568,-0.127242649,0.432380914935377
-1.268134067,0.50998877,0.455401424620756
-1.263131566,0.860292313,0.477977165764747
-1.258129065,0.472028171,0.500285912312203
-1.253126563,0.54496058,0.522639351920886
-1.248124062,0.260647827,0.544869768957166
-1.243121561,0.379288302,0.566665421307907
-1.23811906,0.588376757,0.588387806543533
-1.233116558,1.077493833,0.609791470626518
-1.228114057,0.44007461,0.631266729284156
-1.223111556,0.45672365,0.653979415121277
-1.218109055,0.48924052,0.677122911320622
-1.213106553,0.004482391,0.700476434536138
-1.208104052,1.199692041,0.723876210799291
-1.203101551,0.416094027,0.746574864231008
-1.19809905,0.756381643,0.769015017391295
-1.193096548,1.00705256,0.791231911093508
-1.188094047,0.195637004,0.813281237762413
-1.183091546,1.064962173,0.835787672683254
-1.178089045,0.86854004,0.858319353827537
-1.173086543,0.215148392,0.880207669673639
-1.168084042,0.652588586,0.901743735543726
-1.163081541,1.749100309,0.923497510866775
-1.15807904,1.071965194,0.944733070635445
-1.153076538,0.638818052,0.965826112093081
-1.148074037,0.630409429,0.986042066601727
-1.143071536,0.876248613,1.00315960458303
-1.138069035,1.122420414,1.01860098121656
-1.133066533,0.516620369,1.03301531527211
-1.128064032,0.820589831,1.04643115729219
-1.123061531,1.618269505,1.05959536150756
-1.11805903,1.395284036,1.0721732746261
-1.113056528,0.846842504,1.08394330887876
-1.108054027,0.954685372,1.09506585117234
-1.103051526,0.475985822,1.10560750337088
-1.098049025,1.673513982,1.11555021179188
-1.093046523,0.987680334,1.12514533385102
-1.088044022,0.514005536,1.13423177254759
-1.083041521,0.489357846,1.14237255524631
-1.07803902,1.465248197,1.15003318480327
-1.073036518,0.874257869,1.15702698708482
-1.068034017,1.173040782,1.16375313752801
-1.063031516,1.464770036,1.17145029393089
-1.058029015,1.323902226,1.1793077544091
-1.053026513,1.386696668,1.18701297586231
-1.048024012,1.44012112,1.19449726026676
-1.043021511,1.703066492,1.20121268134561
-1.03801901,1.416281915,1.20744977819137
-1.033016508,1.988397889,1.21331038051776
-1.028014007,2.225225708,1.21875595194254
-1.023011506,1.521038701,1.22399413554301
-1.018009005,1.124291735,1.22888099261401
-1.013006503,0.841145156,1.23305753032849
-1.008004002,0.803109744,1.23671372956644
-1.003001501,1.063900608,1.240280445972
-0.997998999,1.443759985,1.24327139878859
-0.992996498,0.765214019,1.24589286446507
-0.987993997,0.655592806,1.24771689660118
-0.982991496,1.378049264,1.24738030843301
-0.977988994,1.240689772,1.24575443444359
-0.972986493,0.213562391,1.24332566722214
-0.967983992,2.236150921,1.2400507205098
-0.962981491,1.862145723,1.23622461093633
-0.957978989,0.985575509,1.23179991319241
-0.952976488,1.819748547,1.22660769070261
-0.947973987,0.925919464,1.22084670672704
-0.942971486,1.660494267,1.21493735640284
-0.937968984,1.531836156,1.20864119515105
-0.932966483,1.260526644,1.20186762800865
-0.927963982,2.160447978,1.19462486786383
-0.922961481,0.974177658,1.18678179844447
-0.917958979,0.814018848,1.17843201968168
-0.912956478,2.062321709,1.16963231396636
-0.907953977,1.65353721,1.16038077212667
-0.902951476,0.554617151,1.15071724942978
-0.897948974,0.751545915,1.14064473315211
-0.892946473,1.339179223,1.13011171409535
-0.887943972,0.324128463,1.11917651168462
-0.882941471,0.746836608,1.10796428567033
-0.877938969,1.685975719,1.09638449121262
-0.872936468,2.305566535,1.08446836564486
-0.867933967,1.101852759,1.07217044020194
-0.862931466,0.195583316,1.05925588107113
-0.857928964,1.399294652,1.04588295888467
-0.852926463,0.785781514,1.03227096940574
-0.847923962,1.615321282,1.01832971979339
-0.842921461,0.118495221,1.00388590089629
-0.837918959,0.560004005,0.989164429295159
-0.832916458,1.075293452,0.974074528787532
-0.827913957,2.463610811,0.958819661964294
-0.822911456,1.187184314,0.944053696732758
-0.817908954,1.960770081,0.929381064508111
-0.812906453,1.190181913,0.914500697743944
-0.807903952,1.911649377,0.899504664707099
-0.802901451,-0.143522888,0.884424358179827
-0.797898949,1.879420393,0.869142291208899
-0.792896448,0.632284685,0.853785213455153
-0.787893947,0.513896074,0.838173090416047
-0.782891446,-0.902513861,0.821750624456256
-0.777888944,0.709163725,0.804866824537866
-0.772886443,0.149810249,0.78780536813381
-0.767883942,-0.479761907,0.770479989459005
-0.762881441,0.875992582,0.752856981483626
-0.757878939,0.097994358,0.7350713761652
-0.752876438,1.303804975,0.716941105627128
-0.747873937,-0.210439971,0.698713965294624
-0.742871436,0.348008271,0.681044137120201
-0.737868934,0.294181526,0.663476681415002
-0.732866433,1.141800029,0.645967872826198
-0.727863932,-0.293042839,0.628369771236367
-0.722861431,2.063552624,0.610110584251355
-0.717858929,0.208950806,0.591583671928308
-0.712856428,-0.404836805,0.572785881715961
-0.707853927,0.730327451,0.553833106430994
-0.702851426,0.481290011,0.535413729762726
-0.697848924,0.489242146,0.517088599349404
-0.692846423,0.047608954,0.498231990101874
-0.687843922,0.070292391,0.479129751056979
-0.682841421,1.424922746,0.460299187181327
-0.677838919,0.876399902,0.44109269210824
-0.672836418,-0.584953451,0.42187057866555
-0.667833917,0.286352961,0.401979650014632
-0.662831416,-0.676182248,0.379403576124489
-0.657828914,-0.218590706,0.35545186285794
-0.652826413,-0.196264636,0.330779623744285
-0.647823912,1.727648248,0.305389624540993
-0.642821411,1.01984429,0.27988200544893
-0.637818909,-0.57957151,0.254053805180933
-0.632816408,0.979251938,0.227693467370826
-0.627813907,0.938590986,0.201018789806008
-0.622811406,0.873083403,0.174323467173789
-0.617808904,2.079713804,0.147468643538255
-0.612806403,-1.103574714,0.120561303100297
-0.607803902,1.346267563,0.0935212641716572
-0.602801401,-0.02665868,0.0660212052279706
-0.597798899,0.764151502,0.0384025891394576
-0.592796398,0.227495191,0.010607320057044
-0.587793897,0.568346443,-0.0171268420756212
-0.582791396,0.668109821,-0.0440433534088499
-0.577788894,-0.479977272,-0.0705963211467393
-0.572786393,-0.584446897,-0.0970214593459152
-0.567783892,1.19297968,-0.123283635653104
-0.562781391,-1.106829545,-0.149543620550845
-0.557778889,0.891799412,-0.175740031069498
-0.552776388,0.372790062,-0.2017615073328
-0.547773887,0.210141247,-0.221705150062688
-0.542771386,-0.676576664,-0.256045983006067
-0.537768884,-0.623139903,-0.32179799313132
-0.532766383,0.932417654,-0.240962250462795
-0.527763882,-0.693207445,-0.335170299496431
-0.522761381,-0.768997277,-0.395012022628427
-0.517758879,0.842055015,-0.37265089179436
-0.512756378,0.62072188,-0.390160912973419
-0.507753877,-1.139776259,-0.479379354007186
-0.502751376,0.405051,-0.398277099623299
-0.497748874,-0.811450542,-0.474792738090348
-0.492746373,-1.436719402,-0.560309878952061
-0.487743872,0.233589844,-0.528036278891389
-0.482741371,0.345429075,-0.53305237266873
-0.477738869,0.256526862,-0.535529442897996
-0.472736368,-2.238066968,-0.687119304226645
-0.467733867,-0.556100819,-0.614599570397454
-0.462731366,-0.751729001,-0.635914775018192
-0.457728864,0.166165179,-0.548170441302973
-0.452726363,-3.191681919,-0.901868782118941
-0.447723862,-1.282490476,-0.630162626525388
-0.442721361,-1.523667728,-0.745359733124774
-0.437718859,0.474616177,-0.635553468058081
-0.432716358,-1.600169172,-0.949577097171835
-0.427713857,0.097752481,-0.791501895987432
-0.422711356,1.179635574,-0.714318044586744
-0.417708854,0.313733274,-0.859360627493799
-0.412706353,-0.984190396,-0.902482131553485
-0.407703852,-1.592301173,-0.821764355353957
-0.402701351,-2.517114963,-0.948183340261063
-0.397698849,-2.153457467,-1.00836895046953
-0.392696348,-0.760029484,-0.782516463341309
-0.387693847,-0.404810832,-0.81138755285464
-0.382691346,-2.684357673,-1.28199418257311
-0.377688844,-1.36374496,-0.92304266790258
-0.372686343,-0.739289783,-0.85096945382932
-0.367683842,-2.19467778,-1.26590702631511
-0.362681341,0.582134652,-0.739227301679805
-0.357678839,-1.165998749,-1.21302921692538
-0.352676338,-0.679628024,-1.04107990658212
-0.347673837,-1.294093651,-1.06802544092987
-0.342671336,-1.550765184,-1.16234897077596
-0.337668834,0.076776728,-0.871332445874582
-0.332666333,-2.277532579,-1.39725530454708
-0.327663832,-0.535809204,-0.994056021366009
-0.322661331,-1.094534777,-1.07750607875937
-0.317658829,-0.616582471,-1.12190821247027
-0.312656328,-2.162361307,-1.12456489660365
-0.307653827,-1.539081649,-1.10744431122467
-0.302651326,-0.782167499,-1.11126629687625
-0.297648824,-1.444906114,-1.1087354229021
-0.292646323,-1.181596166,-1.15410901359895
-0.287643822,-2.419374941,-1.21724087295186
-0.282641321,-2.024358929,-1.10652502246713
-0.277638819,-1.216398106,-0.945922503588583
-0.272636318,-0.47717646,-1.04220801298814
-0.267633817,-2.335640508,-1.2052774782274
-0.262631316,-1.211640596,-1.13365117780576
-0.257628814,-1.542726177,-1.03242210210859
-0.252626313,-0.896321323,-0.995623845620843
-0.247623812,-3.563013794,-1.42071471699603
-0.242621311,-1.990232932,-1.12406169846911
-0.237618809,-0.120323756,-0.744908597671858
-0.232616308,-0.234683878,-0.852361600926706
-0.227613807,-1.746430983,-1.20265445008725
-0.222611306,-2.625740447,-1.28374812808646
-0.217608804,-1.80360109,-1.08776978629081
-0.212606303,1.099224471,-0.709106927822963
-0.207603802,-2.67060881,-1.23713197354832
-0.202601301,-1.318146626,-1.01666006827259
-0.197598799,-0.816557642,-0.887365096448078
-0.192596298,-1.467265214,-0.976973688759264
-0.187593797,-1.790432349,-1.03104321313426
-0.182591296,-1.154729396,-0.877362666427055
-0.177588794,-1.719492394,-1.25775368779805
-0.172586293,1.143327475,-0.228268187694418
-0.167583792,-1.356485487,-1.29203989601557
-0.162581291,0.128704918,-0.630038008688837
-0.157578789,-1.493749208,-1.14090090922839
-0.152576288,-0.941088903,-0.870837348163908
-0.147573787,-0.480802858,-0.666234901732697
-0.142571286,-2.065986631,-1.23250322816776
-0.137568784,1.216392054,0.131382207989532
-0.132566283,-2.471354278,-1.43281549703064
-0.127563782,-0.922429494,-0.975300044577708
-0.122561281,-0.936194786,-0.875002124020986
-0.117558779,1.990123293,0.318889210316977
-0.112556278,-0.236093302,-0.350173095680151
-0.107553777,-1.944889695,-1.3592532102149
-0.102551276,1.177362778,-0.837453173279856
-0.097548774,0.822876305,0.0632295945850526
-0.092546273,-0.468438079,-0.0203817770106293
-0.087543772,-0.784838812,-0.329544973906811
-0.082541271,3.29e-05,-0.523534521614843
-0.077538769,-1.159756017,-0.692199423058392
-0.072536268,-0.143446223,-0.476852369819853
-0.067533767,0.768672359,-0.135762093169172
-0.062531266,1.319905131,-0.0116790696629151
-0.057528764,0.434480513,0.018428378800217
-0.052526263,0.883037164,0.199779103431859
-0.047523762,-0.355190151,0.312371625817377
-0.042521261,0.536305309,0.0470559133715122
-0.037518759,-1.894387269,-1.03407738298355
-0.032516258,-2.717377506,-0.953205529746552
-0.027513757,1.583859994,0.369495107808157
-0.022511256,-0.106507382,0.263429427954129
-0.017508754,1.868606012,0.830548815472658
-0.012506253,1.086666571,0.526301423667125
-0.007503752,-1.069952664,-0.147237714136005
-0.002501251,1.233021673,0.2506834477282
0.002501251,0.215188936,0.0286235854108554
0.007503752,-0.364466333,0.0516160339975031
0.012506253,-0.817487735,0.158567566552027
0.017508754,-0.601854023,0.162751429207785
0.022511256,0.622253381,0.296892384684539
0.027513757,0.478223771,0.393180045412035
0.032516258,1.17319511,0.495773980457386
0.037518759,0.39201095,0.543315187502075
0.042521261,1.134343997,0.572366633471985
0.047523762,1.293531178,0.586471587627007
0.052526263,2.071174282,0.595072711103401
0.057528764,-0.238503909,0.631651856728491
0.062531266,-0.064243434,0.671602288492345
0.067533767,0.026734681,0.727538417292914
0.072536268,2.906139585,0.779781868055733
0.077538769,-0.232200842,0.771201524764736
0.082541271,1.912471342,0.749089166838656
0.087543772,0.141406155,0.69593301501452
0.092546273,0.168572951,0.646986884330719
0.097548774,0.483460285,0.710162053801808
0.102551276,0.621023561,0.806010543747625
0.107553777,0.173179682,0.937208546976984
0.112556278,1.237018499,1.06865982043697
0.117558779,2.364653858,1.07480747090214
0.122561281,2.060224814,1.04272401220497
0.127563782,0.252120968,0.982207600529635
0.132566283,0.197447405,0.919145479131634
0.137568784,-0.370375613,0.964530139685795
0.142571286,0.665525716,1.04467887309724
0.147573787,0.931904461,1.13685901205373
0.152576288,1.458685969,1.23077028145056
0.157578789,1.667288846,1.26341034748006
0.162581291,1.827018985,1.27152579315812
0.167583792,0.659933824,1.27181933840836
0.172586293,0.958475057,1.2631361128541
0.177588794,2.644394368,1.25827943774847
0.182591296,0.809913583,1.24860183787967
0.187593797,0.480972052,1.24319627324476
0.192596298,1.528023394,1.232901290518
0.197598799,2.00969919,1.18861471975586
0.202601301,1.824762756,1.13559360373895
0.207603802,0.288028427,1.07252287897338
0.212606303,0.615598702,1.01198714290252
0.217608804,1.968595515,1.00319763404257
0.222611306,0.418071101,1.0170555423798
0.227613807,2.445369306,1.02485758464362
0.232616308,1.354784278,1.03782601781532
0.237618809,0.392058324,1.07263725979394
0.242621311,-0.275733873,1.10872356497827
0.247623812,2.153929714,1.14890445189752
0.252626313,1.15063685,1.18210040125015
0.257628814,0.961748825,1.14738494762418
0.262631316,2.316019867,1.07366368630021
0.267633817,1.923603841,1.05103053671649
0.272636318,1.801960148,1.03503837335606
0.277638819,0.038247447,0.841598603350068
0.282641321,0.75783098,0.609550946102272
0.287643822,0.1065605,0.560973801391852
0.292646323,-0.160007858,0.584948383762361
0.297648824,1.237647035,0.567181563455199
0.302651326,-0.499085668,0.561201769785093
0.307653827,0.700770153,0.695212628187619
0.312656328,0.626079254,0.886893066081936
0.317658829,1.043428916,0.950118235746945
0.322661331,1.239740373,0.967603745317788
0.327663832,0.830558169,1.21737213549033
0.332666333,2.106690313,1.50562973684493
0.337668834,2.447165556,1.42101034097279
0.342671336,1.885566511,1.21830165617662
0.347673837,0.490599996,1.1826860540152
0.352676338,1.752995881,1.15286470234284
0.357678839,1.922273389,1.10387295299345
0.362681341,0.08627515,1.05343031845259
0.367683842,0.956496155,0.724772596756786
0.372686343,-1.829797418,0.415899305302119
0.377688844,-1.80982905,0.29940056995567
0.382691346,2.157611512,1.46384969475177
0.387693847,-0.099004971,0.688323983809975
0.392696348,0.376241738,0.805085987498764
0.397698849,0.932294567,0.949145176208861
0.402701351,-1.728020319,0.0829363610195335
0.407703852,-0.617295743,0.360254636366242
0.412706353,1.802566686,1.0482959023628
0.417708854,1.301749954,0.97904986908268
0.422711356,1.937256486,1.31610361350201
0.427713857,-1.487784017,0.245436017481485
0.432716358,1.396621707,1.12708555416194
0.437718859,0.331485387,0.774271663913477
0.442721361,0.259408101,0.852535875132412
0.447723862,1.729602098,0.818649079623662
0.452726363,1.319806529,0.839855053757285
0.457728864,0.592548663,0.830447309112836
0.462731366,1.904467817,0.821438210061535
0.467733867,0.353644194,0.807181203846566
0.472736368,1.598200353,0.790596262883055
0.477738869,1.446503621,0.773614328807543
0.482741371,1.334628534,0.75541809753459
0.487743872,1.290052355,0.735508233615732
0.492746373,0.639730593,0.714313797319499
0.497748874,0.819719609,0.691950932446234
0.502751376,0.833911346,0.668467715086591
0.507753877,0.492202104,0.644683428393258
0.512756378,0.429980385,0.620150164847651
0.517758879,0.876499753,0.593600449261974
0.522761381,-0.758928258,0.566451827604608
0.527763882,0.546604342,0.538265446616071
0.532766383,0.577330798,0.51018811725995
0.537768884,0.745261428,0.485842886699875
0.542771386,1.805004187,0.46298773517025
0.547773887,1.306304015,0.440394699204283
0.552776388,0.261432098,0.418220334465352
0.557778889,1.550746022,0.395727299062216
0.562781391,-0.474265146,0.373091911812671
0.567783892,0.793467146,0.350808191176086
0.572786393,1.231215721,0.328397543081867
0.577788894,-0.308859209,0.304808157973262
0.582791396,-0.321953491,0.280712733317572
0.587793897,1.001133644,0.256362280920736
0.592796398,0.428693692,0.231806266554832
0.597798899,-0.689485656,0.207502555844718
0.602801401,-0.675382399,0.183192368556942
0.607803902,0.700387607,0.158772259738738
0.612806403,1.152835636,0.134270397091248
0.617808904,1.557982698,0.109503968042663
0.622811406,0.593108234,0.0845761312684271
0.627813907,-0.007842739,0.0598151061175269
0.632816408,0.294459049,0.035022635551576
0.637818909,0.337756491,0.00973015775733323
0.642821411,-0.912419639,-0.0155887960236847
0.647823912,0.601012784,-0.0410660110393465
0.652826413,-0.691867771,-0.0663702625786113
0.657828914,-0.527419742,-0.0902822211282914
0.662831416,-1.146273483,-0.113542009715492
0.667833917,0.702250291,-0.13691014001989
0.672836418,-0.722136658,-0.160071313580629
0.677838919,-0.017103665,-0.182654032878225
0.682841421,-1.16234992,-0.205220431001366
0.687843922,0.213107655,-0.22723934280701
0.692846423,-1.091659159,-0.249470278066328
0.697848924,-0.607939271,-0.27408709252667
0.702851426,-0.882171404,-0.299576278960464
0.707853927,-0.647668072,-0.325579983077213
0.712856428,-0.418714022,-0.351747210009665
0.717858929,-0.277333735,-0.37656065903128
0.722861431,0.00165787,-0.400950751999723
0.727863932,-0.312603711,-0.424980096386441
0.732866433,-0.274398033,-0.448794656979114
0.737868934,-0.144767751,-0.473782860087585
0.742871436,-1.46424825,-0.499017185268048
0.747873937,0.40006495,-0.523000939424942
0.752876438,-0.689580259,-0.546421123817168
0.757878939,-0.008174126,-0.570650952264271
0.762881441,-0.592610179,-0.594004260678758
0.767883942,-0.00940756,-0.617271755053566
0.772886443,-0.030508872,-0.63886705480972
0.777888944,-1.241504702,-0.653818043641128
0.782891446,-0.607159578,-0.667313732780242
0.787893947,0.004236776,-0.674242811494805
0.792896448,0.224828864,-0.672543787512036
0.797898949,-1.046465895,-0.710274064205353
0.802901451,0.817999421,-0.665621980243711
0.807903952,-1.921947534,-0.730243796866427
0.812906453,-1.194766917,-0.707204489746155
0.817908954,-0.198985009,-0.680171985243364
0.822911456,-1.629979376,-0.715248262408365
0.827913957,-1.381599233,-0.727159851892659
0.832916458,0.194708001,-0.710158150050442
0.837918959,0.031493799,-0.717849873164533
0.842921461,-0.989743671,-0.740395227489007
0.847923962,1.060629166,-0.685127901800686
0.852926463,-1.188537997,-0.734739857029766
0.857928964,-0.718103028,-0.716870387604551
0.862931466,-0.732100562,-0.716598535320998
0.867933967,-1.509332762,-0.711616333903258
0.872936468,0.854849054,-0.708842182498494
0.877938969,-1.413642243,-0.70545753357695
0.882941471,-1.013104536,-0.70202686417995
0.887943972,-1.62033385,-0.69816207957263
0.892946473,-0.452504401,-0.693790238707851
0.897948974,-0.373627403,-0.687583052086983
0.902951476,-0.673399854,-0.680403157135495
0.907953977,0.026384412,-0.67340368244301
0.912956478,-1.396451869,-0.666091740121358
0.917958979,-0.24872874,-0.657585900745167
0.922961481,-0.866259246,-0.649029096668136
0.927963982,-1.494044182,-0.639842192792795
0.932966483,-1.445381185,-0.631146425132779
0.937968984,-1.708259262,-0.626449105192774
0.942971486,-0.939587368,-0.623536404361009
0.947973987,-0.349069709,-0.621071891566507
0.952976488,-1.190781639,-0.619256541441471
0.957978989,-0.647316713,-0.617547280903831
0.962981491,-0.721179389,-0.615890435062782
0.967983992,-1.088372484,-0.614782005209596
0.972986493,-0.965059659,-0.613600801854679
0.977988994,-0.176895023,-0.610816422681026
0.982991496,-1.268422238,-0.607343068389719
0.987993997,0.188010164,-0.603702238247817
0.992996498,-0.822295019,-0.5997821967198
0.997998999,-1.566257738,-0.595836121482979
1.003001501,-0.034307296,-0.59181927446987
1.008004002,-1.006354731,-0.587387574510787
1.013006503,-1.158558692,-0.582848564279616
1.018009005,-1.7622589,-0.578888954681309
1.023011506,-0.381757282,-0.574959009331837
1.028014007,-0.726622605,-0.571188848773262
1.033016508,-0.590574623,-0.567223004967785
1.03801901,0.369012386,-0.561976653252369
1.043021511,-0.530422209,-0.556240212077873
1.048024012,-0.773132463,-0.549900304438577
1.053026513,-0.750692558,-0.543284016902275
1.058029015,-1.408065089,-0.53804416965423
1.063031516,-0.796096185,-0.533106626420144
1.068034017,-0.240722523,-0.527086622713473
1.073036518,-0.833919793,-0.520567109195607
1.07803902,-0.428318835,-0.514538182261107
1.083041521,-0.161468833,-0.507670352076428
1.088044022,-0.32448989,-0.500738299807056
1.093046523,-0.435409616,-0.492339867320673
1.098049025,0.178064444,-0.478230901345493
1.103051526,-0.25385524,-0.46115447268951
1.108054027,-0.482057178,-0.442405687545897
1.113056528,-0.522253059,-0.422031397559949
1.11805903,-0.843293848,-0.401417386992155
1.123061531,-0.375301196,-0.379999023407975
1.128064032,-0.246980678,-0.357349805313801
1.133066533,-0.3021138,-0.33383646701377
1.138069035,-0.62694855,-0.309756412249606
1.143071536,-0.637935839,-0.284995035299774
1.148074037,-0.286305382,-0.259970101196835
1.153076538,-0.366492408,-0.234415525468792
1.15807904,0.482261102,-0.207519456758519
1.163081541,0.186336245,-0.180150339796172
1.168084042,0.530925959,-0.152037192428576
1.173086543,0.292460409,-0.12387364006809
1.178089045,-0.496296928,-0.0978352620117065
1.183091546,-0.222267401,-0.0725467786020021
1.188094047,-0.493196261,-0.0473821482392717
1.193096548,0.426330175,-0.0223286691302807
1.19809905,0.074684069,0.00332815990076567
1.203101551,0.481642765,0.029257875535152
1.208104052,-0.510345767,0.0552056644956539
1.213106553,0.647700844,0.0813452440395446
1.218109055,0.171039194,0.107783676695175
1.223111556,-0.311554089,0.134438956852714
1.228114057,0.238001865,0.161617302173747
1.233116558,-0.618212446,0.189073175191358
1.23811906,0.677228159,0.216134182465213
1.243121561,0.456508569,0.243427336290671
1.248124062,0.264535146,0.270793164032006
1.253126563,0.369283455,0.298643340816454
1.258129065,0.054452295,0.32849994814754
1.263131566,1.234145573,0.359411627677936
1.268134067,0.919856179,0.390523035667514
1.273136568,0.629551165,0.422117174364225
1.27813907,0.498111485,0.45447943856509
1.283141571,0.426509742,0.48708840282809
1.288144072,0.460435828,0.520268629468356
1.293146573,0.315301184,0.553433561151332
1.298149075,0.147915062,0.584715983505662
1.303151576,0.671038594,0.615239866152784
1.308154077,0.48574563,0.646003697030353
1.313156578,0.997222595,0.676629328750273
1.31815908,1.152627041,0.706815261700112
1.323161581,0.779880106,0.737137851292878
1.328164082,0.587506958,0.766905134981496
1.333166583,0.778818741,0.797032661472838
1.338169085,0.503131584,0.830075315025733
1.343171586,0.775514905,0.864224754828759
1.348174087,0.887177815,0.899141993459143
1.353176588,1.110590204,0.934326220415316
1.35817909,1.324965429,0.967778286063004
1.363181591,0.868850786,1.00076323430012
1.368184092,0.781618951,1.03330712137307
1.373186593,1.002863268,1.06567556532025
1.378189095,0.821660519,1.09992054257236
1.383191596,1.102374946,1.13467831198567
1.388194097,1.136412972,1.16786272697355
1.393196598,1.021625416,1.2004115745456
1.3981991,1.105282059,1.23414536399113
1.403201601,1.017290292,1.2667889420113
1.408204102,0.989494319,1.2994513888695
1.413206603,1.327314334,1.3299470327091
1.418209105,1.131783475,1.35147128905409
1.423211606,1.44353863,1.3683476633997
1.428214107,1.155298142,1.38297501304629
1.433216608,1.291359791,1.39512679462441
1.43821911,1.111796064,1.40627116174572
1.443221611,1.470341747,1.41614239629567
1.448224112,1.17430416,1.42388127545769
1.453226613,1.389315143,1.43045747020779
1.458229115,1.30799502,1.43792268904122
1.463231616,1.279727473,1.44508514918209
1.468234117,1.436478695,1.45151389350235
1.473236618,1.369682445,1.45720971671537
1.47823912,1.393585835,1.46144795846002
1.483241621,1.343660463,1.46473042185657
1.488244122,1.446958559,1.4673139654552
1.493246623,1.439877732,1.46920244794046
1.498249125,1.450453575,1.47070538507263
1.503251626,1.477491715,1.4717473756212
1.508254127,1.481388868,1.47194448418099
1.513256628,1.517335687,1.47162831316954
1.51825913,1.531470273,1.47151153264929
1.523261631,1.551583598,1.47100851983138
1.528264132,1.625999586,1.47031868437968
1.533266633,1.562448142,1.4690915507988
1.538269135,1.552156728,1.46578257815625
1.543271636,1.577869462,1.46139546820611
1.548274137,1.620375242,1.45716932765231
1.553276638,1.586305975,1.45260091046545
1.55827914,1.613073047,1.44684873528621
1.563281641,1.611699874,1.44106081170472
1.568284142,1.611842023,1.43461584829729
1.573286643,1.622593876,1.42868875245234
1.578289145,1.629170439,1.42690250256135
1.583291646,1.612600749,1.42696695653049
1.588294147,1.641487402,1.42756100601219
1.593296648,1.604837801,1.42884853031892
1.59829915,1.654590614,1.43015336310665
1.603301651,1.63415401,1.43152861916416
1.608304152,1.599554617,1.43346156319268
1.613306653,1.611423631,1.43537959640954
1.618309155,1.544992991,1.43596543301598
1.623311656,1.616994182,1.43600249915461
1.628314157,1.580510429,1.4358607282639
1.633316658,1.381479633,1.43549489798417
1.63831916,1.608636127,1.43525209151657
1.643321661,1.522813858,1.43495776060666
1.648324162,1.765786432,1.43437518014077
1.653326663,1.656993352,1.43365040599544
1.658329165,1.538153925,1.43300274927793
1.663331666,1.560152991,1.43220515632049
1.668334167,1.501405798,1.43146899606947
1.673336668,1.47067033,1.43050832314957
1.67833917,1.543699213,1.42855029274264
1.683341671,1.573740488,1.42619541207792
1.688344172,1.46959199,1.4233144839259
1.693346673,1.438776438,1.42020746512356
1.698349175,1.62295911,1.41825255757772
1.703351676,1.635078689,1.41655936747491
1.708354177,1.64370637,1.41404078561528
1.713356678,1.350099258,1.41114290897741
1.71835918,1.521457307,1.40858263497487
1.723361681,1.436071783,1.4053664672098
1.728364182,1.407952518,1.40210863200891
1.733366683,1.239891786,1.39772578880173
1.738369185,1.470841163,1.38896824518483
1.743371686,1.262757868,1.37794644814755
1.748374187,1.48817556,1.36560760787805
1.753376688,1.260686371,1.3520290099932
1.75837919,1.407647247,1.33837526902913
1.763381691,1.423012336,1.32412604205601
1.768384192,1.341331579,1.30897885391261
1.773386693,1.095700815,1.29316190996103
1.778389195,1.546968286,1.27668623085126
1.783391696,1.590408353,1.25960267124972
1.788394197,1.377989096,1.24238229606463
1.793396698,1.143100292,1.22476262869227
1.7983992,1.303513839,1.2060429492171
1.803401701,1.183365948,1.18701035040771
1.808404202,0.914274239,1.16736217581444
1.813406703,1.008641776,1.14778178382383
1.818409205,0.703134393,1.13037153059977
1.823411706,1.392171991,1.11378570026192
1.828414207,1.004711368,1.09746033847069
1.833416708,0.910480837,1.08133678939976
1.83841921,0.984387074,1.06461136539907
1.843421711,1.117237972,1.04769139824443
1.848424212,1.023049848,1.03080028045402
1.853426713,0.534866323,1.01381558864421
1.858429215,0.518774489,0.996846781568044
1.863431716,0.635134196,0.979834875967804
1.868434217,0.284880832,0.962306031145864
1.873436718,0.799414676,0.944571904229569
1.87843922,0.722951521,0.927411221003758
1.883441721,1.076023484,0.910047094101611
1.888444222,0.870498908,0.892723347107256
1.893446723,0.791879113,0.874870853562807
1.898449225,0.853580289,0.854486774868846
1.903451726,0.460286281,0.832826820751823
1.908454227,0.554279714,0.810915098970226
1.913456728,0.136765734,0.788451775092046
1.91845923,0.640419389,0.765254107005915
1.923461731,0.778321493,0.741824425226989
1.928464232,0.802157006,0.717776191589832
1.933466733,1.00872928,0.693764454265813
1.938469235,0.410591016,0.671802147138893
1.943471736,0.753434015,0.650679054191362
1.948474237,0.718252644,0.629366953343601
1.953476738,0.825316512,0.60824172747655
1.95847924,0.682889988,0.587547874969771
1.963481741,1.062461164,0.566747722817246
1.968484242,0.783283571,0.54655163149475
1.973486743,0.428725142,0.526044116098678
1.978489245,0.124161815,0.502698007210015
1.983491746,0.707335083,0.478312812886277
1.988494247,0.760138892,0.453187651035489
1.993496748,0.8665421,0.427854458128372
1.99849925,-0.158231833,0.404381052664495
2.003501751,-0.030721557,0.381442115786855
2.008504252,-0.027409264,0.359032028697351
2.013506753,1.186057746,0.336845998941624
2.018509255,0.460399298,0.312672943194641
2.023511756,0.559196385,0.287978770272414
2.028514257,0.502472867,0.264962344281223
2.033516758,0.928200614,0.242642268892748
2.03851926,0.504560158,0.219137028278281
2.043521761,0.995375254,0.196814292193097
2.048524262,0.898005222,0.174498546952139
2.053526763,0.563733696,0.154485820527245
2.058529265,0.949163979,0.14390252857142
2.063531766,0.57043027,0.13821298440881
2.068534267,-0.103111566,0.134940933634652
2.073536768,0.347476601,0.134290611866967
2.07853927,-0.412401272,0.134641565055144
2.083541771,-0.084783888,0.136343046293884
2.088544272,-0.700794539,0.140275740275299
2.093546773,0.612857854,0.145466720467664
2.098549275,0.22049179,0.149941762080272
2.103551776,-0.173813391,0.15483778344817
2.108554277,0.515511761,0.1604850465886
2.113556778,0.428691601,0.166930026560443
2.11855928,-0.075742588,0.174994999801833
2.123561781,-0.838474073,0.184056932666833
2.128564282,0.457574269,0.19392360512934
2.133566783,-0.234741692,0.204468983833904
2.138569285,0.795756472,0.215019091859194
2.143571786,0.54857768,0.225888004452244
2.148574287,-0.311914057,0.23754503553803
2.153576788,0.351871396,0.24968315338496
2.15857929,0.419512228,0.261763912017619
2.163581791,0.754808676,0.274275461372164
2.168584292,-0.117053323,0.286987081018907
2.173586793,-0.033092705,0.300256452109959
2.178589295,-0.404595643,0.315543612308844
2.183591796,0.215487102,0.33189808546854
2.188594297,0.957908208,0.3482168305835
2.193596798,0.232916999,0.36492722143
2.1985993,-0.38817694,0.38269874280999
2.203601801,-1.003435609,0.400568760022911
2.208604302,0.080736199,0.419088652899306
2.213606803,1.165454906,0.437234465970083
2.218609305,1.305676198,0.451890265476791
2.223611806,0.559418053,0.465027152198395
2.228614307,-0.668978318,0.477733739718199
2.233616808,-0.083034972,0.489902770222774
2.23861931,0.060222899,0.502205457596951
2.243621811,0.955607593,0.514510155767519
2.248624312,1.373798257,0.526416851592532
2.253626813,-0.018427196,0.538362994500242
2.258629315,-0.349481302,0.551273579679099
2.263631816,1.133169102,0.564600606812639
2.268634317,0.51215712,0.578158059044951
2.273636818,1.575499143,0.591928801735603
2.27863932,-0.225524057,0.605545956266772
2.283641821,0.524270481,0.619260163772152
2.288644322,1.436371933,0.63318108816949
2.293646823,0.055266255,0.647317380901848
2.298649325,0.49209,0.66186554300648
2.303651826,1.014182655,0.67675199701705
2.308654327,0.93365438,0.691732641720654
2.313656828,-0.011366357,0.706989630300586
2.31865933,0.172842281,0.722915371730775
2.323661831,0.591127372,0.739160775103785
2.328664332,0.90924004,0.755846424729415
2.333666833,1.744033876,0.772742162765176
2.338669335,1.200553448,0.78891606673572
2.343671836,0.859045746,0.804963947084217
2.348674337,1.126190084,0.821552594329916
2.353676838,1.686026095,0.838419674455366
2.35867934,0.757862947,0.855188341764687
2.363681841,1.217878458,0.872414849324098
2.368684342,1.611542639,0.88971439609797
2.373686843,1.855716015,0.907733661901946
2.378689345,2.194808829,0.928381223129843
2.383691846,1.212190117,0.950405098151497
2.388694347,1.207300714,0.973298720492349
2.393696848,-0.527483886,0.996969005570807
2.39869935,1.776588215,1.02061340489781
2.403701851,0.605985338,1.04463708046394
2.408704352,-0.277266786,1.06918986260093
2.413706853,0.718974283,1.09419677016469
2.418709355,0.495646998,1.11989693247033
2.423711856,0.160216896,1.14610247989538
2.428714357,-0.267382434,1.17236378699557
2.433716858,1.135858675,1.19890161564905
2.43871936,0.226980943,1.22621806943467
2.443721861,2.23725969,1.25371038450411
2.448724362,0.301131073,1.28166385070145
2.453726863,1.156399031,1.30950308033824
2.458729365,0.850483844,1.33549437583827
2.463731866,1.290493198,1.36076129234777
2.468734367,3.446652818,1.38573324142136
2.473736868,0.263745008,1.41049805573012
2.47873937,0.411590679,1.43581539049362
2.483741871,1.045691336,1.46127347843013
2.488744372,1.300280537,1.48670687713577
2.493746873,4.116448656,1.51217763732029
2.498749375,0.82510517,1.53741302681964
2.503751876,2.65611711,1.56257918279152
2.508754377,0.680224024,1.58822098285512
2.513756878,1.830484158,1.61401554840839
2.51875938,1.098112996,1.63920475756178
2.523761881,1.614818533,1.66457962722136
2.528764382,0.938376431,1.6898622536797
2.533766883,1.734942908,1.71566959766902
2.538769385,2.730031523,1.74411693729258
2.543771886,1.119622482,1.77387614489507
2.548774387,2.04347168,1.80392162261035
2.553776888,1.793904938,1.83453018277601
2.55877939,0.914901805,1.86578889397911
2.563781891,1.38063522,1.89726853034917
2.568784392,2.258256455,1.92935471239144
2.573786893,1.083343077,1.96142041726568
2.578789395,2.410136838,1.99158490986755
2.583791896,2.283138337,2.02097780435625
2.588794397,2.199808621,2.0505291484761
2.593796898,2.227967858,2.07990783599476
2.5987994,2.093755677,2.10893589167997
2.603801901,2.882994647,2.13806270491257
2.608804402,1.265341237,2.16664876347533
2.613806903,2.352477245,2.19491507850773
2.618809405,1.43248846,2.22706867720967
2.623811906,2.641215255,2.26111283685877
2.628814407,3.184742488,2.28644595789518
2.633816908,2.998791915,2.31330235074108
2.63881941,1.875022464,2.34802577640971
2.643821911,2.077473357,2.37620681054476
2.648824412,1.771090643,2.45858817960729
2.653826913,3.359085829,2.56289351346043
2.658829415,3.022798074,2.47640422672502
2.663831916,2.043113166,2.33584952450737
2.668834417,1.849902254,2.49332888572386
2.673836918,2.246768208,2.71645466034388
2.67883942,2.588427621,2.69024398043484
2.683841921,2.053123688,2.6285635950347
2.688844422,2.132436038,2.49817722386632
2.693846923,0.957304618,2.33073614428571
2.698849425,3.854363321,2.72626334460613
2.703851926,4.652390907,3.26274627007017
2.708854427,2.592690023,3.03062482702216
2.713856928,2.824896614,2.589765301112
2.71885943,2.624753833,2.58772193384496
2.723861931,2.182904046,2.70932051379388
2.728864432,2.691858619,2.66775645632054
2.733866933,1.065148875,2.58980082398366
2.738869435,3.152420012,2.80907396579554
2.743871936,3.51520142,3.09455802787244
2.748874437,2.48004012,2.96700184199294
2.753876938,2.243998861,2.74639036658641
2.75887944,3.605959462,2.67714101311962
2.763881941,2.308537442,2.61470085122622
2.768884442,2.458410267,2.88453464865038
2.773886943,4.928558759,3.26308223102971
2.778889445,2.686412949,2.86390392424799
2.783891946,0.692258128,2.26405768647875
2.788894447,3.604362778,2.52991000323482
2.793896948,2.975701554,3.01615423728105
2.79889945,2.963048143,3.00059058678329
2.803901951,3.660045661,2.86107758133426
2.808904452,3.540305365,2.82206114273473
2.813906953,2.499817483,2.82202136048915
2.818909455,2.614237761,2.77037908753065
2.823911956,2.490019766,2.57867503363687
2.828914457,4.152123563,3.06810920891378
2.833916958,3.71044486,2.77803185971398
2.83891946,2.362445216,2.54388295650482
2.843921961,2.773224482,3.06102152414366
2.848924462,1.090664801,2.41580476473958
2.853926963,3.55111367,3.2163995095294
2.858929465,1.393787311,2.26781206318589
2.863931966,4.310508595,3.17337187417446
2.868934467,2.14478692,2.48626311391277
2.873936968,2.145829008,2.70342785256689
2.87893947,3.979829565,3.09122218799006
2.883941971,2.925535702,2.24948332412622
2.888944472,5.210197772,3.29771239553647
2.893946973,1.839103172,2.53538851109195
2.898949475,3.616123139,2.6908019468284
2.903951976,1.96899297,2.75891202530213
2.908954477,3.253460563,2.77179817413983
2.913956978,1.788679526,2.74582474962704
2.91895948,3.612754133,2.74406579649818
2.923961981,2.729617175,2.74224168721438
2.928964482,2.54031458,2.74025375857017
2.933966983,3.826801185,2.73809137059483
2.938969485,4.540234844,2.73556456776579
2.943971986,3.856784312,2.73274757862169
2.948974487,2.350026699,2.72986916496332
2.953976988,2.37645797,2.70281100798092
2.95897949,2.052504859,2.73243394172121
2.963981991,3.327295451,2.89213225182406
2.968984492,1.35603641,2.45453910255154
2.973986993,2.831501692,2.69921994964262
2.978989495,4.0647118,2.90537568879292
2.983991996,2.822336525,2.61192876403826
2.988994497,2.184908186,2.66228380864682
2.993996998,2.400840909,2.94533146450416
2.9989995,-0.01686841,2.30242287331704
3.004002001,4.217780851,2.87525942826877
3.009004502,2.716985531,2.66144633735347
3.014007004,1.969736236,2.68913884857285
3.019009505,2.025383069,2.66351074774916
3.024012006,2.647656572,2.68484139448232
3.029014507,1.972100707,2.60182296987539
3.034017009,1.712269698,2.65545894661782
3.03901951,2.680699267,2.6342230291229
3.044022011,2.801463417,2.61737821955201
3.049024512,3.280748872,2.60526548938053
3.054027014,2.569461991,2.59563865998823
3.059029515,2.936484978,2.5835719097642
3.064032016,2.973152211,2.5710541203634
3.069034517,3.450474336,2.55853178605585
3.074037019,0.712957191,2.54578919890614
3.07903952,0.488560161,2.53234787789418
3.084042021,3.410633125,2.51878834579277
3.089044522,2.698882495,2.50482765700009
3.094047024,3.650975317,2.49102782531378
3.099049525,1.985760809,2.47907741607606
3.104052026,3.005819811,2.4678800873481
3.109054527,3.058833258,2.45702240266562
3.114057029,2.545761722,2.4464133073623
3.11905953,2.189334023,2.43529947693187
3.124062031,2.339692135,2.42409232465071
3.129064532,1.693547126,2.41295037121851
3.134067034,3.749514474,2.40181840666259
3.139069535,3.134538407,2.39098701837363
3.144072036,2.317061449,2.38027822041523
3.149074537,1.451873152,2.36913989863413
3.154077039,2.42308924,2.35789564000101
3.15907954,3.233155534,2.34730009305753
3.164082041,3.360960021,2.33656174934166
3.169084542,1.570289745,2.32596173036716
3.174087044,2.76666796,2.31487866370056
3.179089545,4.942200813,2.30118787505405
3.184092046,3.299414193,2.28622338369443
3.189094547,2.014682286,2.27100978270767
3.194097049,1.642047962,2.25523403743871
3.19909955,2.704900799,2.23895007519533
3.204102051,3.610329613,2.22255191849432
3.209104552,1.910052703,2.2049714913126
3.214107054,1.352254639,2.18743366305676
3.219109555,2.077662785,2.17270153775144
3.224112056,1.832416932,2.15855166394901
3.229114557,1.161737415,2.14621331373349
3.234117059,2.463268218,2.13333879597212
3.23911956,0.403531382,2.11571431311459
3.244122061,1.453720693,2.1003330909458
3.249124562,0.506613581,2.06922187371335
3.254127064,2.38387347,2.05563147460147
3.259129565,3.659754822,2.0533810728756
3.264132066,0.945145134,2.02783891717711
3.269134567,2.195669345,2.01506175476595
3.274137069,1.627782728,1.99009328321467
3.27913957,1.401166551,1.99883843233868
3.284142071,3.640534488,2.02803342101715
3.289144572,2.473692012,2.07226777291006
3.294147074,3.734576274,2.13018610889507
3.299149575,1.330057259,2.03765892625077
3.304152076,1.718823607,1.94068189776222
3.309154577,2.47819254,1.78543801680223
3.314157079,1.198126247,1.58189830738557
3.31915958,1.598130968,1.72321276093309
3.324162081,0.876639129,1.71866268678825
3.329164582,1.508030469,1.77642588559733
3.334167084,3.375412011,2.03013244288373
3.339169585,2.331611554,1.88440280861433
3.344172086,2.058307524,1.93829227993802
3.349174587,1.672333511,1.81853580343696
3.354177089,1.910462291,1.78805418347112
3.35917959,1.206797414,1.6655986040875
3.364182091,1.737277056,1.81374658044381
3.369184592,5.104551604,2.50557491395328
3.374187094,1.802672849,1.86353440396678
3.379189595,1.060182477,1.72998348368793
3.384192096,2.964432104,2.10492530622658
3.389194597,1.295118339,1.79203019785121
3.394197099,-1.473298647,1.38146563273595
3.3991996,1.754352051,1.68059535225955
3.404202101,2.59334528,2.17175978310786
3.409204602,1.184009924,2.11209941047643
3.414207104,1.563985695,1.91678805485041
3.419209605,0.287702417,1.94233493687421
3.424212106,1.463947787,2.01137276273859
3.429214607,1.771879674,2.06579247782857
3.434217109,1.132736853,2.11585877876225
3.43921961,2.872035438,2.1149342042247
3.444222111,2.272591933,2.10072370046337
3.449224612,1.145053021,2.06264618949899
3.454227114,2.200009729,2.00780434722856
3.459229615,2.649412415,2.0770641714706
3.464232116,0.985253179,1.88231717608378
3.469234617,2.513925024,2.18163876220734
3.474237119,2.798098671,2.3423324714739
3.47923962,3.553639923,2.462917952503
3.484242121,3.254183103,2.41380037437797
3.489244622,1.339232892,2.19017635604505
3.494247124,3.311991397,2.46572959828347
3.499249625,1.386166875,2.19764128679148
3.504252126,3.472551492,2.43462795172906
3.509254627,0.606673652,2.04808182169802
3.514257129,1.316339561,2.13733139370139
3.51925963,3.004827515,2.36509650907965
3.524262131,2.317815787,2.26098871716212
3.529264632,2.086517705,2.42059831323486
3.534267134,2.875602699,2.57742941262385
3.539269635,3.949038338,2.58217338364592
3.544272136,3.793917509,2.53679039281856
3.549274637,1.720169669,2.47250734522582
3.554277139,2.435758865,2.40419939522087
3.55927964,1.752785941,2.42794307558329
3.564282141,2.637755373,2.48210818144534
3.569284642,2.210893917,2.54699581456986
3.574287144,1.292906302,2.61597538037193
3.579289645,1.586816078,2.64003926046785
3.584292146,2.862065831,2.64892074457043
3.589294647,3.633248611,2.65545079250997
3.594297149,4.381206068,2.6594473288626
3.59929965,1.815974777,2.6761518409792
3.604302151,3.052911318,2.69703541148569
3.609304652,2.703580774,2.7176700405049
3.614307154,2.524991639,2.73944450690944
3.619309655,1.159267504,2.7592981635468
3.624312156,4.026779726,2.77862143455689
3.629314657,3.758723034,2.80333788490727
3.634317159,3.229033335,2.82679079356365
3.63931966,2.176040323,2.84863386877793
3.644322161,3.081738249,2.87598187234081
3.649324662,3.570504147,2.85922003232853
3.654327164,2.424183658,2.83644547486156
3.659329665,3.23456437,2.9244317341473
3.664332166,3.145209552,3.02490183876756
3.669334667,3.832425782,3.11005716453484
3.674337169,3.897983483,3.20854716132869
3.67933967,2.89271869,3.00875456069335
3.684342171,1.378907473,2.7159208320441
3.689344672,3.201678957,3.02027358129043
3.694347174,3.841376435,3.48873309812285
3.699349675,4.514757742,3.29022167306138
3.704352176,2.168755211,2.92659539775725
3.709354677,2.004416006,3.06500850766194
3.714357179,3.613041865,3.3217448935037
3.71935968,4.5227805,3.39087817315803
3.724362181,3.404769991,3.42010913924463
3.729364682,4.315038796,3.37601097712731
3.734367184,2.964531943,3.31075500445558
3.739369685,3.778784269,3.3709797422851
3.744372186,3.261773002,3.45281872089721
3.749374687,3.753656654,3.5495478218146
3.754377189,4.098452385,3.65893428686398
3.75937969,2.353010604,3.52373590130239
3.764382191,2.097342862,3.32509025485027
3.769384692,2.513828119,3.47245291664714
3.774387194,3.384814936,3.71010549560038
3.779389695,2.886761837,3.73507050756149
3.784392196,3.30408813,3.70673392238912
3.789394697,2.134466761,3.71920425625502
3.794397199,2.990719351,3.73641050684364
3.7993997,3.20344612,3.76067871088994
3.804402201,2.897667685,3.78928388802219
3.809404702,3.401533635,3.82195410930394
3.814407204,4.620707806,3.85708619884746
3.819409705,4.093576033,3.88998383398139
3.824412206,3.941697193,3.9228975266825
3.829414707,4.848467383,3.95695008429203
3.834417209,4.815999861,3.99158223810878
3.83941971,4.499036728,4.02685604467201
3.844422211,4.226567347,4.06234478321472
3.849424712,5.009957792,4.09845084626581
3.854427214,2.985069081,4.13452725130989
3.859429715,3.502341861,4.16864883593565
3.864432216,4.53089648,4.2290242887267
3.869434717,3.907659179,4.22485343554108
3.874437219,4.51082365,4.13118190608601
3.87943972,5.862646077,4.57290653621968
3.884442221,2.41112535,3.96961450431132
3.889444722,5.736378368,4.75563311456872
3.894447224,3.463017322,4.22569395888024
3.899449725,3.896669821,4.44260305701917
3.904452226,2.949079134,4.36448080860163
3.909454727,4.420581683,4.65483563752894
3.914457229,4.294256727,4.55228388674284
3.91945973,4.224869806,4.45156679986258
3.924462231,6.114400744,4.77991625207904
3.929464732,3.579241704,4.46772796494397
3.934467234,3.511482338,4.80419365642769
3.939469735,3.540219773,4.65951029580983
3.944472236,5.137577958,4.77978113487346
3.949474737,5.560943089,4.79001746039623
3.954477239,4.830145913,4.82121014872896
3.95947974,4.180902524,4.85431012421597
3.964482241,5.540570624,4.89135657398477
3.969484742,4.000180163,4.92524014879964
3.974487244,5.215435212,4.95697374338621
3.979489745,5.45809364,4.97994915290329
3.984492246,3.824557793,4.99837687706114
3.989494747,5.278325708,5.01453159546818
3.994497249,4.796827494,5.02824366336292
3.99949975,5.749392395,5.0410652522982
4.004502251,5.830236139,5.05263013026967
4.009504752,5.109484599,5.06213298512222
4.014507254,5.385952786,5.07045069638279
4.019509755,4.708838189,5.07930989758657
4.024512256,5.217280628,5.08772257482588
4.029514757,6.195157972,5.0954552761632
4.034517259,4.994376718,5.10243622539256
4.03951976,4.69532527,5.10786382216226
4.044522261,5.579359858,5.11237509538364
4.049524762,4.933507401,5.11610257774586
4.054527264,5.4724046,5.11923627330432
4.059529765,5.059915734,5.1226120670354
4.064532266,5.925664454,5.12579737031035
4.069534767,4.709819727,5.12831393000985
4.074537269,4.689267558,5.13042436371237
4.07953977,5.772521698,5.13250804403178
4.084542271,5.882559786,5.13418293086834
4.089544772,5.113097506,5.13567774202211
4.094547274,5.87201156,5.13666318253234
4.099549775,5.44476217,5.13586801983475
4.104552276,5.634105609,5.13412092906589
4.109554777,5.58549672,5.13233438856191
4.114557279,5.208564665,5.13017001692756
4.11955978,4.277096195,5.12713355118161
4.124562281,5.997046953,5.12397709305927
4.129564782,6.217143765,5.12024362661281
4.134567284,5.827782598,5.11676571523339
4.139569785,5.654103483,5.11604253124258
4.144572286,5.027489961,5.11649029307309
4.149574787,5.25113555,5.1172799824697
4.154577289,4.755149389,5.11846474679041
4.15957979,5.20259228,5.11941970317259
4.164582291,4.569620138,5.12033143567622
4.169584792,5.53655169,5.1215024221188
4.174587294,5.62953077,5.12263267234697
4.179589795,5.011622493,5.12317632082005
4.184592296,5.605750119,5.12345334307687
4.189594797,5.541412568,5.12348461532716
4.194597299,5.08379033,5.12333803991921
4.1995998,5.463876372,5.12337717136611
4.204602301,5.070559335,5.12330037034317
4.209604802,4.733042791,5.12310764931338
4.214607304,5.421107216,5.12266246762421
4.219609805,4.930250691,5.12143232047923
4.224612306,4.878798452,5.11973484032935
4.229614807,5.179080844,5.11783558901929
4.234617309,5.352719818,5.11564079842848
4.23961981,4.649118197,5.11307749764339
4.244622311,5.977686235,5.1102816571421
4.249624812,5.184063154,5.10714016872342
4.254627314,4.991172486,5.10382280504603
4.259629815,5.412355867,5.10087942957247
4.264632316,4.80556268,5.09796428861142
4.269634817,4.753777547,5.09477404168769
4.274637319,5.234731185,5.09140913838212
4.27963982,4.696376537,5.08794288341778
4.284642321,5.154050361,5.08420188674842
4.289644822,5.385159309,5.08037694154102
4.294647324,5.299720754,5.07619498313999
4.299649825,4.484081872,5.07090960800624
4.304652326,5.05297726,5.06503198295253
4.309654827,5.260410958,5.05865825148243
4.314657329,4.905155264,5.05191795124068
4.31965983,5.220494816,5.04535873121472
4.324662331,5.151186338,5.03862166879699
4.329664832,4.267155298,5.0317023505338
4.334667334,4.617618172,5.02450955451216
4.339669835,4.381527803,5.0164566883983
4.344672336,5.028513226,5.00793140540379
4.349674837,5.301221677,4.999450852911
4.354677339,5.278692606,4.99079544822394
4.35967984,5.148237556,4.98159115330992
4.364682341,5.018826918,4.97234783933598
4.369684842,5.248091871,4.96273688717804
4.374687344,4.852811878,4.95332740291389
4.379689845,5.266404153,4.94578308895561
4.384692346,4.794001386,4.93900154238418
4.389694847,5.071756613,4.93262779023163
4.394697349,5.03827665,4.92651182924856
4.39969985,4.812725797,4.91976523233304
4.404702351,4.844027192,4.91290640092778
4.409704852,4.769004727,4.90606005768938
4.414707354,4.666584089,4.89923144055023
4.419709855,4.77240507,4.89298314593677
4.424712356,4.997153945,4.88695852576481
4.429714857,4.874700837,4.88038897765696
4.434717359,5.100917117,4.8736836880819
4.43971986,4.959893453,4.86773702118232
4.444722361,4.931756473,4.86156027210664
4.449724862,4.591798479,4.85554730222684
4.454727364,5.012695313,4.84886737849053
4.459729865,4.300280118,4.83876308593807
4.464732366,4.499639872,4.82697135034601
4.469734867,4.366663448,4.81472191044196
4.474737369,4.734742648,4.80173231634247
4.47973987,4.650595014,4.78809658895716
4.484742371,4.558617093,4.7741785431974
4.489744872,4.62899211,4.75951835409829
4.494747374,4.696292885,4.74481069018862
4.499749875,4.686732114,4.73203525693435
4.504752376,4.726271539,4.72000559778871
4.509754877,4.828825774,4.70781968506682
4.514757379,4.407737435,4.69577589025595
4.51975988,4.589997928,4.68393250158288
4.524762381,4.467680781,4.67195008129225
4.529764882,4.236888405,4.66045039649822
4.534767384,4.513027538,4.64869201237896
4.539769885,4.611922209,4.6346984307992
4.544772386,4.541439857,4.61990632706267
4.549774887,4.678914859,4.60444996857108
4.554777389,4.16910417,4.5888457259286
4.55977989,4.344559999,4.57495826241839
4.564782391,4.467626842,4.56154772575839
4.569784892,4.600254329,4.54866735106416
4.574787394,4.448157861,4.53596086347678
4.579789895,4.532616147,4.52119738808391
4.584792396,4.337477483,4.50584842505578
4.589794897,4.42375179,4.49199749101347
4.594797399,4.386235888,4.47873679281632
4.5997999,4.344535978,4.46439524476833
4.604802401,4.361147162,4.45112837345763
4.609804902,4.481200804,4.43779878888008
4.614807404,4.370272509,4.42656602772783
4.619809905,4.419935976,4.42405673927393
4.624812406,4.401808085,4.42602795506768
4.629814907,4.273924603,4.4303093427832
4.634817409,4.434493887,4.43697296531698
4.63981991,4.473476483,4.44421453612388
4.644822411,4.505897394,4.45261658379996
4.649824912,4.466723106,4.46292992805125
4.654827414,4.435588598,4.47440559308156
4.659829915,4.490274137,4.48584031625435
4.664832416,4.45828769,4.49789050958892
4.669834917,4.506208191,4.51042775371351
4.674837419,4.489763227,4.52366720361487
4.67983992,4.486042556,4.53860234545779
4.684842421,4.428758144,4.55430426563799
4.689844922,4.514337722,4.5708732627863
4.694847424,4.508808239,4.58775321416771
4.699849925,4.524207967,4.60305722730555
4.704852426,4.541974297,4.6179271592336
4.709854927,4.546616566,4.63304078960103
4.714857429,4.55371044,4.64826144917043
4.71985993,4.575794559,4.66384528083628
4.724862431,4.566607057,4.67979139803244
4.729864932,4.59422657,4.6958093846182
4.734867434,4.616644609,4.71219627279724
4.739869935,4.641308995,4.72973065943075
4.744872436,4.675326589,4.74790134179953
4.749874937,4.674192741,4.76639326745695
4.754877439,4.662251056,4.78524359501279
4.75987994,4.670280459,4.80431113743212
4.764882441,4.725764917,4.82357074534005
4.769884942,4.694546055,4.84317292403619
4.774887444,4.794600534,4.86291943039328
4.779889945,4.719323714,4.88238008102612
4.784892446,4.869706105,4.90183415741817
4.789894947,4.810952221,4.9212336997584
4.794897449,4.897665702,4.94070540912328
4.79989995,4.839364722,4.96071765805478
4.804902451,4.776429842,4.98089335755499
4.809904952,5.06677887,5.00125805241169
4.814907454,4.924455079,5.02164229690727
4.819909955,4.745439084,5.04130427207875
4.824912456,4.978687573,5.06069574080255
4.829914957,5.091201851,5.08034259231914
4.834917459,4.924275989,5.10001040224661
4.83991996,5.30760833,5.11936794783828
4.844922461,5.294143989,5.13886705464496
4.849924962,5.069647962,5.15813015958075
4.854927464,4.994266426,5.1777197118566
4.859929965,5.07863107,5.19926698937678
4.864932466,5.42333805,5.22164149291031
4.869934967,5.274160969,5.24456036827334
4.874937469,5.040656538,5.26777552407173
4.87993997,5.29972305,5.29018730222584
4.884942471,5.440185756,5.31246355266049
4.889944972,5.357715918,5.33465492233912
4.894947474,5.29690773,5.35685858487504
4.899949975,5.228335167,5.38004873356049
4.904952476,5.421707647,5.40356989850166
4.909954977,5.45647741,5.42637140088509
4.914957479,5.640172729,5.44893112602296
4.91995998,5.26818605,5.47220013640436
4.924962481,5.416915261,5.49499913764694
4.929964982,5.505341557,5.51789433564156
4.934967484,5.692728534,5.53975986983011
4.939969985,5.837580239,5.55709772378827
4.944972486,5.914342538,5.57213240172273
4.949974987,5.677151187,5.58606730720409
4.954977489,5.492846245,5.59880818566725
4.95997999,6.172383218,5.61116820190098
4.964982491,6.20109309,5.62295608569132
4.969984992,5.895365974,5.63374249674445
4.974987494,6.120638507,5.64399161662792
4.979989995,5.848127744,5.65462588500246
4.984992496,5.594345698,5.66511329493732
4.989994997,6.116609287,5.6753190792429
4.994997499,6.203145737,5.68520695844626
5,5.991496236,5.69435724249959
